Ticket,Time,Direction,Entry,SL,TP1,Result,PnL,H1_Trend,Regime
200,2024-05-27 17:40:00,LONG,2355.44,2351.31,2361.635,OPEN,0,NEUTRAL,TREND
201,2024-05-27 17:45:00,LONG,2355.74,2351.7371428571428,2361.7442857142855,OPEN,0,NEUTRAL,TREND
200,2024-05-27 17:50:00,N/A,N/A,N/A,N/A,WIN,7.26,UNKNOWN,TREND
201,2024-05-27 17:50:00,N/A,N/A,N/A,N/A,LOSS,-28.87,UNKNOWN,TREND
202,2024-05-27 17:50:00,LONG,2354.97,2351.025714285714,2360.8864285714285,OPEN,0,NEUTRAL,TREND
202,2024-05-27 17:55:00,N/A,N/A,N/A,N/A,LOSS,-15.88,UNKNOWN,TREND
203,2024-05-27 17:55:00,LONG,2354.34,2350.86,2359.5600000000004,OPEN,0,NEUTRAL,TREND
203,2024-05-27 18:00:00,N/A,N/A,N/A,N/A,WIN,0.85,UNKNOWN,TREND
204,2024-05-27 18:00:00,LONG,2354.37,2351.0142857142855,2359.4035714285715,OPEN,0,NEUTRAL,TREND
204,2024-05-27 18:05:00,N/A,N/A,N/A,N/A,LOSS,-4.74,UNKNOWN,TREND
205,2024-05-27 18:05:00,LONG,2354.21,2351.072857142857,2358.9157142857143,OPEN,0,NEUTRAL,TREND
205,2024-05-27 18:10:00,N/A,N/A,N/A,N/A,WIN,7.27,UNKNOWN,TREND
206,2024-05-27 18:10:00,LONG,2354.44,2351.45,2358.925,OPEN,0,NEUTRAL,TREND
206,2024-05-27 18:15:00,N/A,N/A,N/A,N/A,WIN,7.64,UNKNOWN,TREND
207,2024-05-27 18:15:00,LONG,2354.67,2351.864285714286,2358.878571428572,OPEN,0,NEUTRAL,TREND
208,2024-05-27 18:20:00,LONG,2356.05,2353.1228571428574,2360.4407142857144,OPEN,0,NEUTRAL,TREND
207,2024-05-27 18:25:00,N/A,N/A,N/A,N/A,WIN,48.99,UNKNOWN,SIDEWAY
210,2024-05-27 18:30:00,LONG,2356.28,2353.3328571428574,2360.7007142857146,OPEN,0,NEUTRAL,TREND
208,2024-05-27 18:35:00,N/A,N/A,N/A,N/A,WIN,11.73,UNKNOWN,SIDEWAY
210,2024-05-27 18:40:00,N/A,N/A,N/A,N/A,LOSS,-120.32,UNKNOWN,TREND
212,2024-05-27 18:40:00,LONG,2353.93,2351.0471428571427,2358.2542857142853,OPEN,0,NEUTRAL,TREND
212,2024-05-27 18:45:00,N/A,N/A,N/A,N/A,LOSS,-6.82,UNKNOWN,TREND
213,2024-05-27 18:45:00,LONG,2353.73,2350.93,2357.93,OPEN,0,NEUTRAL,TREND
213,2024-05-27 18:50:00,N/A,N/A,N/A,N/A,LOSS,-28.78,UNKNOWN,TREND
214,2024-05-27 18:50:00,LONG,2352.91,2350.0214285714283,2357.242857142857,OPEN,0,NEUTRAL,TREND
214,2024-05-27 18:55:00,N/A,N/A,N/A,N/A,LOSS,-7.44,UNKNOWN,TREND
250,2024-05-28 01:20:00,SHORT,2352.75,2354.85,2349.6000000000004,OPEN,0,NEUTRAL,TREND
250,2024-05-28 01:25:00,N/A,N/A,N/A,N/A,LOSS,-2.78,UNKNOWN,SIDEWAY
251,2024-05-28 01:25:00,SHORT,2352.87,2354.9214285714284,2349.7928571428574,OPEN,0,NEUTRAL,TREND
251,2024-05-28 01:30:00,N/A,N/A,N/A,N/A,LOSS,-17.06,UNKNOWN,SIDEWAY
252,2024-05-28 01:30:00,SHORT,2353.59,2355.7514285714287,2350.3478571428577,OPEN,0,NEUTRAL,TREND
252,2024-05-28 01:35:00,N/A,N/A,N/A,N/A,WIN,5.6,UNKNOWN,TREND
254,2024-05-28 01:40:00,SHORT,2352.55,2354.8114285714287,2349.1578571428577,OPEN,0,NEUTRAL,TREND
255,2024-05-28 01:45:00,SHORT,2352.26,2354.507142857143,2348.889285714286,OPEN,0,NEUTRAL,TREND
254,2024-05-28 01:50:00,N/A,N/A,N/A,N/A,WIN,6.23,UNKNOWN,TREND
258,2024-05-28 02:00:00,SHORT,2351.54,2353.5885714285714,2348.467142857143,OPEN,0,NEUTRAL,TREND
255,2024-05-28 02:05:00,N/A,N/A,N/A,N/A,WIN,23.33,UNKNOWN,TREND
259,2024-05-28 02:05:00,SHORT,2351.33,2353.022857142857,2348.7907142857143,OPEN,0,NEUTRAL,TREND
258,2024-05-28 02:10:00,N/A,N/A,N/A,N/A,WIN,7.48,UNKNOWN,TREND
259,2024-05-28 02:20:00,N/A,N/A,N/A,N/A,LOSS,-70.93,UNKNOWN,SIDEWAY
262,2024-05-28 02:20:00,SHORT,2352.15,2353.427142857143,2350.2342857142858,OPEN,0,NEUTRAL,TREND
262,2024-05-28 02:25:00,N/A,N/A,N/A,N/A,LOSS,-4.16,UNKNOWN,SIDEWAY
263,2024-05-28 02:25:00,SHORT,2352.26,2353.567142857143,2350.299285714286,OPEN,0,NEUTRAL,TREND
264,2024-05-28 02:30:00,SHORT,2351.95,2353.3157142857144,2349.901428571428,OPEN,0,NEUTRAL,TREND
263,2024-05-28 02:35:00,N/A,N/A,N/A,N/A,WIN,11.44,UNKNOWN,TREND
264,2024-05-28 02:35:00,N/A,N/A,N/A,N/A,LOSS,-21.69,UNKNOWN,TREND
265,2024-05-28 02:35:00,SHORT,2352.36,2353.778571428572,2350.2321428571427,OPEN,0,NEUTRAL,TREND
265,2024-05-28 02:40:00,N/A,N/A,N/A,N/A,WIN,1.36,UNKNOWN,SIDEWAY
266,2024-05-28 02:40:00,SHORT,2352.32,2353.7428571428577,2350.185714285714,OPEN,0,NEUTRAL,TREND
267,2024-05-28 02:45:00,SHORT,2351.71,2353.174285714286,2349.513571428571,OPEN,0,NEUTRAL,TREND
266,2024-05-28 02:50:00,N/A,N/A,N/A,N/A,WIN,20.62,UNKNOWN,TREND
268,2024-05-28 02:50:00,SHORT,2351.2,2352.6185714285716,2349.0721428571424,OPEN,0,NEUTRAL,TREND
267,2024-05-28 02:55:00,N/A,N/A,N/A,N/A,WIN,25.09,UNKNOWN,SIDEWAY
268,2024-05-28 02:55:00,N/A,N/A,N/A,N/A,LOSS,-72.63,UNKNOWN,SIDEWAY
269,2024-05-28 02:55:00,SHORT,2352.42,2353.9642857142862,2350.1035714285713,OPEN,0,NEUTRAL,TREND
269,2024-05-28 03:00:00,N/A,N/A,N/A,N/A,WIN,5.89,UNKNOWN,SIDEWAY
292,2024-05-28 04:50:00,LONG,2355.59,2352.3185714285714,2360.497142857143,OPEN,0,NEUTRAL,TREND
292,2024-05-28 05:10:00,N/A,N/A,N/A,N/A,LOSS,-27.59,UNKNOWN,TREND
296,2024-05-28 05:10:00,LONG,2353.7,2350.14,2359.04,OPEN,0,NEUTRAL,TREND
296,2024-05-28 05:15:00,N/A,N/A,N/A,N/A,WIN,2.81,UNKNOWN,TREND
297,2024-05-28 05:15:00,LONG,2353.91,2350.382857142857,2359.200714285714,OPEN,0,NEUTRAL,TREND
297,2024-05-28 05:20:00,N/A,N/A,N/A,N/A,LOSS,-3.64,UNKNOWN,TREND
298,2024-05-28 05:20:00,LONG,2353.64,2350.202857142857,2358.795714285714,OPEN,0,NEUTRAL,TREND
298,2024-05-28 05:25:00,N/A,N/A,N/A,N/A,LOSS,-5.38,UNKNOWN,TREND
299,2024-05-28 05:25:00,LONG,2353.25,2350.135714285714,2357.9214285714284,OPEN,0,NEUTRAL,TREND
299,2024-05-28 05:30:00,N/A,N/A,N/A,N/A,LOSS,-16.68,UNKNOWN,SIDEWAY
300,2024-05-28 05:30:00,LONG,2352.16,2349.02,2356.87,OPEN,0,NEUTRAL,TREND
300,2024-05-28 05:35:00,N/A,N/A,N/A,N/A,WIN,5.59,UNKNOWN,SIDEWAY
301,2024-05-28 05:35:00,LONG,2352.53,2349.4900000000002,2357.09,OPEN,0,NEUTRAL,TREND
301,2024-05-28 05:40:00,N/A,N/A,N/A,N/A,LOSS,-0.78,UNKNOWN,SIDEWAY
303,2024-05-28 05:45:00,LONG,2354.11,2351.3357142857144,2358.2714285714287,OPEN,0,NEUTRAL,TREND
304,2024-05-28 05:50:00,LONG,2354.93,2352.098571428571,2359.177142857143,OPEN,0,NEUTRAL,TREND
303,2024-05-28 05:55:00,N/A,N/A,N/A,N/A,WIN,14.02,UNKNOWN,TREND
304,2024-05-28 06:00:00,N/A,N/A,N/A,N/A,LOSS,-38.81,UNKNOWN,TREND
306,2024-05-28 06:00:00,LONG,2353.39,2350.61,2357.5599999999995,OPEN,0,NEUTRAL,TREND
306,2024-05-28 06:05:00,N/A,N/A,N/A,N/A,WIN,3.06,UNKNOWN,TREND
307,2024-05-28 06:05:00,LONG,2353.57,2350.8828571428576,2357.6007142857143,OPEN,0,NEUTRAL,TREND
307,2024-05-28 06:10:00,N/A,N/A,N/A,N/A,LOSS,-8.62,UNKNOWN,SIDEWAY
314,2024-05-28 06:40:00,SHORT,2350.7,2353.185714285714,2346.9714285714285,OPEN,0,NEUTRAL,TREND
314,2024-05-28 07:25:00,N/A,N/A,N/A,N/A,LOSS,-17.86,UNKNOWN,TREND
323,2024-05-28 07:25:00,SHORT,2351.64,2353.605714285714,2348.691428571429,OPEN,0,NEUTRAL,TREND
324,2024-05-28 07:30:00,SHORT,2350.8,2352.597142857143,2348.104285714286,OPEN,0,NEUTRAL,TREND
323,2024-05-28 07:35:00,N/A,N/A,N/A,N/A,WIN,20.08,UNKNOWN,TREND
324,2024-05-28 07:35:00,N/A,N/A,N/A,N/A,LOSS,-41.55,UNKNOWN,TREND
325,2024-05-28 07:35:00,SHORT,2351.86,2353.732857142857,2349.0507142857145,OPEN,0,NEUTRAL,TREND
325,2024-05-28 07:40:00,N/A,N/A,N/A,N/A,WIN,5.88,UNKNOWN,TREND
326,2024-05-28 07:40:00,SHORT,2351.39,2353.201428571428,2348.6728571428575,OPEN,0,NEUTRAL,TREND
326,2024-05-28 07:45:00,N/A,N/A,N/A,N/A,WIN,1.03,UNKNOWN,TREND
327,2024-05-28 07:45:00,SHORT,2351.31,2353.1114285714284,2348.6078571428575,OPEN,0,NEUTRAL,TREND
327,2024-05-28 07:50:00,N/A,N/A,N/A,N/A,LOSS,-2.08,UNKNOWN,TREND
328,2024-05-28 07:50:00,SHORT,2351.47,2353.221428571428,2348.842857142857,OPEN,0,NEUTRAL,TREND
329,2024-05-28 07:55:00,SHORT,2351.02,2352.695714285714,2348.506428571429,OPEN,0,NEUTRAL,TREND
328,2024-05-28 08:00:00,N/A,N/A,N/A,N/A,WIN,6.03,UNKNOWN,SIDEWAY
329,2024-05-28 08:00:00,N/A,N/A,N/A,N/A,LOSS,-35.19,UNKNOWN,SIDEWAY
330,2024-05-28 08:00:00,SHORT,2352.66,2354.472857142857,2349.9407142857144,OPEN,0,NEUTRAL,TREND
330,2024-05-28 08:05:00,N/A,N/A,N/A,N/A,WIN,0.77,UNKNOWN,TREND
340,2024-05-28 08:50:00,SHORT,2350.81,2352.9357142857143,2347.6214285714286,OPEN,0,NEUTRAL,TREND
341,2024-05-28 08:55:00,SHORT,2350.55,2352.704285714286,2347.3185714285714,OPEN,0,NEUTRAL,TREND
342,2024-05-28 09:00:00,SHORT,2349.54,2351.9328571428573,2345.950714285714,OPEN,0,NEUTRAL,TREND
340,2024-05-28 09:05:00,N/A,N/A,N/A,N/A,WIN,13.84,UNKNOWN,TREND
341,2024-05-28 09:05:00,N/A,N/A,N/A,N/A,WIN,16.36,UNKNOWN,TREND
343,2024-05-28 09:05:00,SHORT,2347.85,2350.472857142857,2343.9157142857143,OPEN,0,NEUTRAL,TREND
342,2024-05-28 09:10:00,N/A,N/A,N/A,N/A,WIN,24.67,UNKNOWN,TREND
344,2024-05-28 09:10:00,SHORT,2346.87,2349.492857142857,2342.9357142857143,OPEN,0,NEUTRAL,TREND
343,2024-05-28 09:15:00,N/A,N/A,N/A,N/A,WIN,13.03,UNKNOWN,TREND
344,2024-05-28 09:20:00,SHORT,2346.87,2349.492857142857,2342.9357142857143,WIN,31.47,NEUTRAL,TREND
346,2024-05-28 09:20:00,SHORT,2343.65,2346.941428571429,2338.712857142857,OPEN,0,NEUTRAL,TREND
344,2024-05-28 09:25:00,N/A,N/A,N/A,N/A,WIN,60.86,UNKNOWN,TREND
347,2024-05-28 09:25:00,SHORT,2342.69,2346.1628571428573,2337.4807142857144,OPEN,0,NEUTRAL,TREND
346,2024-05-28 09:30:00,N/A,N/A,N/A,N/A,WIN,20.74,UNKNOWN,TREND
352,2024-05-28 09:50:00,SHORT,2342.3,2346.304285714286,2336.2935714285713,OPEN,0,NEUTRAL,TREND
347,2024-05-28 09:55:00,N/A,N/A,N/A,N/A,WIN,8.11,UNKNOWN,TREND
353,2024-05-28 09:55:00,SHORT,2341.84,2345.8585714285714,2335.812142857143,OPEN,0,NEUTRAL,TREND
352,2024-05-28 10:00:00,N/A,N/A,N/A,N/A,WIN,8.33,UNKNOWN,TREND
353,2024-05-28 10:00:00,N/A,N/A,N/A,N/A,LOSS,-42.84,UNKNOWN,TREND
354,2024-05-28 10:00:00,SHORT,2344.22,2348.505714285714,2337.7914285714282,OPEN,0,NEUTRAL,TREND
356,2024-05-28 10:10:00,SHORT,2342.7,2346.8642857142854,2336.453571428571,OPEN,0,NEUTRAL,TREND
354,2024-05-28 10:15:00,N/A,N/A,N/A,N/A,WIN,17.02,UNKNOWN,TREND
356,2024-05-28 10:15:00,N/A,N/A,N/A,N/A,LOSS,-28.04,UNKNOWN,TREND
357,2024-05-28 10:15:00,SHORT,2344.33,2348.4742857142855,2338.1135714285715,OPEN,0,NEUTRAL,TREND
357,2024-05-28 10:20:00,N/A,N/A,N/A,N/A,LOSS,-5.22,UNKNOWN,TREND
358,2024-05-28 10:20:00,SHORT,2344.78,2348.7742857142857,2338.7885714285717,OPEN,0,NEUTRAL,TREND
359,2024-05-28 10:25:00,SHORT,2343.62,2347.5685714285714,2337.697142857143,OPEN,0,NEUTRAL,TREND
358,2024-05-28 10:30:00,N/A,N/A,N/A,N/A,WIN,13.92,UNKNOWN,TREND
361,2024-05-28 10:35:00,SHORT,2343.22,2346.6471428571426,2338.0792857142856,OPEN,0,NEUTRAL,TREND
359,2024-05-28 10:40:00,N/A,N/A,N/A,N/A,WIN,7.24,UNKNOWN,TREND
361,2024-05-28 10:40:00,N/A,N/A,N/A,N/A,LOSS,-19.74,UNKNOWN,TREND
362,2024-05-28 10:40:00,SHORT,2344.16,2347.3999999999996,2339.2999999999997,OPEN,0,NEUTRAL,TREND
363,2024-05-28 10:45:00,SHORT,2343.28,2346.42,2338.57,OPEN,0,NEUTRAL,TREND
362,2024-05-28 10:50:00,N/A,N/A,N/A,N/A,WIN,13.02,UNKNOWN,TREND
363,2024-05-28 10:55:00,N/A,N/A,N/A,N/A,LOSS,-19.24,UNKNOWN,TREND
365,2024-05-28 10:55:00,SHORT,2344.12,2347.1142857142854,2339.6285714285714,OPEN,0,NEUTRAL,TREND
365,2024-05-28 11:00:00,N/A,N/A,N/A,N/A,LOSS,-8.32,UNKNOWN,SIDEWAY
366,2024-05-28 11:00:00,SHORT,2344.64,2347.62,2340.17,OPEN,0,NEUTRAL,TREND
367,2024-05-28 11:05:00,SHORT,2343.28,2346.3257142857146,2338.7114285714288,OPEN,0,NEUTRAL,TREND
366,2024-05-28 11:10:00,N/A,N/A,N/A,N/A,WIN,21.76,UNKNOWN,TREND
368,2024-05-28 11:10:00,SHORT,2340.8,2343.81,2336.2850000000003,OPEN,0,NEUTRAL,TREND
367,2024-05-28 11:15:00,N/A,N/A,N/A,N/A,WIN,58.28,UNKNOWN,TREND
368,2024-05-28 11:35:00,N/A,N/A,N/A,N/A,LOSS,-37.52,UNKNOWN,SIDEWAY
373,2024-05-28 11:35:00,SHORT,2342.37,2345.3171428571427,2337.949285714286,OPEN,0,NEUTRAL,TREND
373,2024-05-28 11:40:00,N/A,N/A,N/A,N/A,WIN,0.98,UNKNOWN,TREND
374,2024-05-28 11:40:00,SHORT,2342.31,2345.162857142857,2338.0307142857146,OPEN,0,NEUTRAL,TREND
374,2024-05-28 11:45:00,N/A,N/A,N/A,N/A,LOSS,-12.34,UNKNOWN,TREND
375,2024-05-28 11:45:00,SHORT,2343.04,2345.868571428571,2338.797142857143,OPEN,0,NEUTRAL,TREND
375,2024-05-28 11:50:00,N/A,N/A,N/A,N/A,LOSS,-7.14,UNKNOWN,SIDEWAY
376,2024-05-28 11:50:00,SHORT,2343.46,2346.194285714286,2339.3585714285714,OPEN,0,NEUTRAL,TREND
376,2024-05-28 11:55:00,N/A,N/A,N/A,N/A,LOSS,-26.05,UNKNOWN,SIDEWAY
377,2024-05-28 11:55:00,SHORT,2344.94,2347.7614285714285,2340.7078571428574,OPEN,0,NEUTRAL,TREND
377,2024-05-28 12:00:00,N/A,N/A,N/A,N/A,WIN,8.62,UNKNOWN,SIDEWAY
378,2024-05-28 12:00:00,SHORT,2344.43,2347.2842857142855,2340.1485714285714,OPEN,0,NEUTRAL,TREND
378,2024-05-28 12:05:00,N/A,N/A,N/A,N/A,WIN,12.26,UNKNOWN,SIDEWAY
379,2024-05-28 12:05:00,SHORT,2343.7,2346.575714285714,2339.3864285714285,OPEN,0,NEUTRAL,TREND
379,2024-05-28 12:10:00,N/A,N/A,N/A,N/A,LOSS,0.0,UNKNOWN,SIDEWAY
380,2024-05-28 12:10:00,SHORT,2343.7,2346.5571428571425,2339.4142857142856,OPEN,0,NEUTRAL,TREND
381,2024-05-28 12:15:00,SHORT,2343.31,2346.14,2339.065,OPEN,0,NEUTRAL,TREND
380,2024-05-28 12:20:00,N/A,N/A,N/A,N/A,WIN,6.55,UNKNOWN,SIDEWAY
381,2024-05-28 12:25:00,N/A,N/A,N/A,N/A,LOSS,-30.73,UNKNOWN,TREND
418,2024-05-28 15:20:00,LONG,2354.97,2351.77,2359.7699999999995,OPEN,0,NEUTRAL,TREND
421,2024-05-28 15:35:00,LONG,2356.78,2352.8,2362.75,OPEN,0,NEUTRAL,TREND
418,2024-05-28 15:40:00,N/A,N/A,N/A,N/A,WIN,26.97,UNKNOWN,TREND
421,2024-05-28 15:55:00,N/A,N/A,N/A,N/A,LOSS,-71.64,UNKNOWN,TREND
425,2024-05-28 15:55:00,LONG,2353.31,2348.9542857142856,2359.8435714285715,OPEN,0,NEUTRAL,TREND
426,2024-05-28 16:00:00,LONG,2354.63,2350.0071428571428,2361.5642857142857,OPEN,0,NEUTRAL,TREND
425,2024-05-28 16:05:00,N/A,N/A,N/A,N/A,WIN,14.26,UNKNOWN,TREND
428,2024-05-28 16:10:00,LONG,2356.52,2351.32,2364.3199999999997,OPEN,0,NEUTRAL,TREND
426,2024-05-28 16:15:00,LONG,2354.63,2356.52,2361.5642857142857,WIN,31.2,NEUTRAL,TREND
429,2024-05-28 16:15:00,LONG,2361.19,2355.6085714285714,2369.5621428571426,OPEN,0,NEUTRAL,TREND
426,2024-05-28 16:25:00,N/A,N/A,N/A,N/A,WIN,70.85,UNKNOWN,TREND
428,2024-05-28 16:25:00,N/A,N/A,N/A,N/A,WIN,63.51,UNKNOWN,TREND
429,2024-05-28 16:45:00,N/A,N/A,N/A,N/A,LOSS,-70.88,UNKNOWN,TREND
435,2024-05-28 16:45:00,LONG,2355.28,2349.061428571429,2364.607857142857,OPEN,0,NEUTRAL,TREND
436,2024-05-28 16:50:00,LONG,2357.77,2351.507142857143,2367.1642857142856,OPEN,0,NEUTRAL,TREND
435,2024-05-28 16:55:00,N/A,N/A,N/A,N/A,WIN,19.42,UNKNOWN,TREND
436,2024-05-28 16:55:00,N/A,N/A,N/A,N/A,LOSS,-30.62,UNKNOWN,TREND
437,2024-05-28 16:55:00,LONG,2355.13,2348.477142857143,2365.1092857142858,OPEN,0,NEUTRAL,TREND
437,2024-05-28 17:00:00,N/A,N/A,N/A,N/A,LOSS,-47.9,UNKNOWN,TREND
438,2024-05-28 17:00:00,LONG,2350.13,2342.694285714286,2361.2835714285716,OPEN,0,NEUTRAL,TREND
438,2024-05-28 17:05:00,N/A,N/A,N/A,N/A,WIN,7.17,UNKNOWN,TREND
439,2024-05-28 17:05:00,LONG,2351.25,2343.5385714285717,2362.8171428571427,OPEN,0,NEUTRAL,TREND
439,2024-05-28 17:10:00,N/A,N/A,N/A,N/A,LOSS,-3.72,UNKNOWN,TREND
449,2024-05-28 17:55:00,LONG,2355.18,2348.9642857142853,2364.5035714285714,OPEN,0,NEUTRAL,TREND
449,2024-05-28 18:00:00,N/A,N/A,N/A,N/A,LOSS,-9.16,UNKNOWN,TREND
450,2024-05-28 18:00:00,LONG,2353.99,2347.9442857142853,2363.0585714285717,OPEN,0,NEUTRAL,TREND
451,2024-05-28 18:05:00,LONG,2354.73,2348.9814285714283,2363.3528571428574,OPEN,0,NEUTRAL,TREND
450,2024-05-28 18:10:00,N/A,N/A,N/A,N/A,WIN,5.85,UNKNOWN,TREND
452,2024-05-28 18:10:00,LONG,2355.91,2350.732857142857,2363.675714285714,OPEN,0,NEUTRAL,TREND
451,2024-05-28 18:15:00,N/A,N/A,N/A,N/A,WIN,14.63,UNKNOWN,SIDEWAY
453,2024-05-28 18:15:00,LONG,2358.26,2353.117142857143,2365.974285714286,OPEN,0,NEUTRAL,TREND
452,2024-05-28 18:20:00,N/A,N/A,N/A,N/A,WIN,32.43,UNKNOWN,TREND
454,2024-05-28 18:20:00,LONG,2359.45,2354.2799999999997,2367.205,OPEN,0,NEUTRAL,TREND
453,2024-05-28 18:25:00,N/A,N/A,N/A,N/A,WIN,16.66,UNKNOWN,TREND
458,2024-05-28 18:40:00,LONG,2360.38,2355.6957142857145,2367.406428571429,OPEN,0,NEUTRAL,TREND
454,2024-05-28 18:45:00,N/A,N/A,N/A,N/A,WIN,13.02,UNKNOWN,TREND
459,2024-05-28 18:45:00,LONG,2361.47,2356.848571428571,2368.4021428571427,OPEN,0,NEUTRAL,TREND
458,2024-05-28 18:50:00,N/A,N/A,N/A,N/A,WIN,16.79,UNKNOWN,TREND
459,2024-05-28 19:15:00,N/A,N/A,N/A,N/A,LOSS,-30.81,UNKNOWN,TREND
465,2024-05-28 19:15:00,LONG,2359.52,2355.3157142857144,2365.8264285714286,OPEN,0,NEUTRAL,TREND
465,2024-05-28 19:20:00,N/A,N/A,N/A,N/A,WIN,1.04,UNKNOWN,TREND
466,2024-05-28 19:20:00,LONG,2359.61,2355.557142857143,2365.6892857142857,OPEN,0,NEUTRAL,TREND
466,2024-05-28 19:25:00,N/A,N/A,N/A,N/A,LOSS,-24.75,UNKNOWN,TREND
467,2024-05-28 19:25:00,LONG,2357.53,2353.574285714286,2363.4635714285714,OPEN,0,NEUTRAL,TREND
467,2024-05-28 19:30:00,N/A,N/A,N/A,N/A,WIN,14.27,UNKNOWN,TREND
468,2024-05-28 19:30:00,LONG,2358.7,2354.944285714286,2364.3335714285713,OPEN,0,NEUTRAL,TREND
468,2024-05-28 19:35:00,N/A,N/A,N/A,N/A,LOSS,-12.25,UNKNOWN,TREND
469,2024-05-28 19:35:00,LONG,2357.75,2353.921428571429,2363.492857142857,OPEN,0,NEUTRAL,TREND
469,2024-05-28 19:40:00,N/A,N/A,N/A,N/A,LOSS,-16.25,UNKNOWN,TREND
470,2024-05-28 19:40:00,LONG,2356.46,2352.617142857143,2362.2242857142855,OPEN,0,NEUTRAL,TREND
470,2024-05-28 19:45:00,N/A,N/A,N/A,N/A,LOSS,-4.62,UNKNOWN,TREND
484,2024-05-28 20:50:00,LONG,2357.37,2353.311428571428,2363.457857142857,OPEN,0,NEUTRAL,TREND
484,2024-05-28 20:55:00,N/A,N/A,N/A,N/A,LOSS,-5.31,UNKNOWN,TREND
485,2024-05-28 20:55:00,LONG,2356.92,2352.8814285714284,2362.9778571428574,OPEN,0,NEUTRAL,TREND
486,2024-05-28 21:00:00,LONG,2357.45,2353.6171428571424,2363.1992857142855,OPEN,0,NEUTRAL,TREND
485,2024-05-28 21:05:00,N/A,N/A,N/A,N/A,WIN,6.31,UNKNOWN,TREND
486,2024-05-28 21:05:00,N/A,N/A,N/A,N/A,LOSS,-18.8,UNKNOWN,TREND
507,2024-05-28 22:45:00,LONG,2358.57,2356.0985714285716,2362.277142857143,OPEN,0,NEUTRAL,TREND
508,2024-05-28 22:50:00,LONG,2359.01,2356.6757142857145,2362.511428571429,OPEN,0,NEUTRAL,TREND
507,2024-05-28 22:55:00,N/A,N/A,N/A,N/A,WIN,8.49,UNKNOWN,TREND
508,2024-05-28 23:05:00,N/A,N/A,N/A,N/A,LOSS,-23.64,UNKNOWN,TREND
511,2024-05-28 23:05:00,LONG,2358.24,2356.141428571428,2361.387857142857,OPEN,0,NEUTRAL,TREND
513,2024-05-28 23:15:00,LONG,2360.17,2358.07,2363.32,OPEN,0,NEUTRAL,TREND
511,2024-05-28 23:20:00,N/A,N/A,N/A,N/A,WIN,43.81,UNKNOWN,TREND
513,2024-05-28 23:40:00,N/A,N/A,N/A,N/A,LOSS,-36.15,UNKNOWN,TREND
518,2024-05-28 23:40:00,LONG,2359.11,2357.327142857143,2361.784285714286,OPEN,0,NEUTRAL,TREND
519,2024-05-28 23:45:00,LONG,2360.37,2358.4514285714286,2363.247857142857,OPEN,0,NEUTRAL,TREND
518,2024-05-28 23:50:00,N/A,N/A,N/A,N/A,WIN,33.77,UNKNOWN,TREND
520,2024-05-28 23:50:00,LONG,2360.6,2358.7214285714285,2363.417857142857,OPEN,0,NEUTRAL,TREND
519,2024-05-28 23:55:00,N/A,N/A,N/A,N/A,WIN,8.6,UNKNOWN,TREND
521,2024-05-28 23:55:00,LONG,2361.13,2359.397142857143,2363.7292857142857,OPEN,0,NEUTRAL,TREND
520,2024-05-29 01:00:00,N/A,N/A,N/A,N/A,WIN,20.35,UNKNOWN,TREND
522,2024-05-29 01:00:00,LONG,2361.82,2359.937142857143,2364.6442857142856,OPEN,0,NEUTRAL,TREND
521,2024-05-29 01:05:00,N/A,N/A,N/A,N/A,WIN,28.77,UNKNOWN,TREND
522,2024-05-29 01:05:00,N/A,N/A,N/A,N/A,LOSS,-72.49,UNKNOWN,TREND
523,2024-05-29 01:05:00,LONG,2359.85,2357.7942857142857,2362.933571428571,OPEN,0,NEUTRAL,TREND
524,2024-05-29 01:10:00,LONG,2361.27,2359.0885714285714,2364.5421428571426,OPEN,0,NEUTRAL,TREND
523,2024-05-29 01:15:00,N/A,N/A,N/A,N/A,WIN,33.09,UNKNOWN,SIDEWAY
524,2024-05-29 01:15:00,N/A,N/A,N/A,N/A,LOSS,-48.18,UNKNOWN,SIDEWAY
525,2024-05-29 01:15:00,LONG,2359.81,2357.4842857142858,2363.2985714285714,OPEN,0,NEUTRAL,TREND
525,2024-05-29 01:20:00,N/A,N/A,N/A,N/A,WIN,3.28,UNKNOWN,SIDEWAY
526,2024-05-29 01:20:00,LONG,2359.97,2357.558571428571,2363.5871428571427,OPEN,0,NEUTRAL,TREND
526,2024-05-29 01:25:00,N/A,N/A,N/A,N/A,LOSS,-6.14,UNKNOWN,TREND
527,2024-05-29 01:25:00,LONG,2359.66,2357.3414285714284,2363.137857142857,OPEN,0,NEUTRAL,TREND
527,2024-05-29 01:30:00,N/A,N/A,N/A,N/A,LOSS,-16.69,UNKNOWN,SIDEWAY
528,2024-05-29 01:30:00,LONG,2358.85,2356.5157142857142,2362.3514285714286,OPEN,0,NEUTRAL,TREND
528,2024-05-29 01:35:00,N/A,N/A,N/A,N/A,WIN,5.92,UNKNOWN,SIDEWAY
529,2024-05-29 01:35:00,LONG,2359.14,2356.7971428571427,2362.654285714286,OPEN,0,NEUTRAL,TREND
529,2024-05-29 01:40:00,N/A,N/A,N/A,N/A,LOSS,-7.71,UNKNOWN,SIDEWAY
530,2024-05-29 01:40:00,LONG,2358.76,2356.418571428572,2362.272142857143,OPEN,0,NEUTRAL,TREND
530,2024-05-29 01:45:00,N/A,N/A,N/A,N/A,LOSS,-5.48,UNKNOWN,SIDEWAY
545,2024-05-29 02:55:00,LONG,2359.83,2358.078571428571,2362.457142857143,OPEN,0,NEUTRAL,TREND
546,2024-05-29 03:00:00,LONG,2360.14,2358.27,2362.9449999999997,OPEN,0,NEUTRAL,TREND
545,2024-05-29 03:05:00,N/A,N/A,N/A,N/A,WIN,8.4,UNKNOWN,SIDEWAY
547,2024-05-29 03:05:00,LONG,2360.51,2358.651428571429,2363.2978571428575,OPEN,0,NEUTRAL,TREND
546,2024-05-29 03:10:00,N/A,N/A,N/A,N/A,WIN,14.1,UNKNOWN,TREND
547,2024-05-29 03:20:00,N/A,N/A,N/A,N/A,LOSS,-40.7,UNKNOWN,SIDEWAY
550,2024-05-29 03:20:00,LONG,2359.45,2357.6242857142856,2362.188571428571,OPEN,0,NEUTRAL,TREND
550,2024-05-29 03:25:00,N/A,N/A,N/A,N/A,LOSS,-7.77,UNKNOWN,SIDEWAY
551,2024-05-29 03:25:00,LONG,2359.15,2357.3128571428574,2361.905714285714,OPEN,0,NEUTRAL,TREND
551,2024-05-29 03:30:00,N/A,N/A,N/A,N/A,LOSS,-14.91,UNKNOWN,SIDEWAY
552,2024-05-29 03:30:00,LONG,2358.57,2356.644285714286,2361.4585714285713,OPEN,0,NEUTRAL,TREND
552,2024-05-29 03:35:00,N/A,N/A,N/A,N/A,LOSS,-8.05,UNKNOWN,SIDEWAY
559,2024-05-29 04:05:00,SHORT,2358.21,2360.4385714285713,2354.867142857143,OPEN,0,NEUTRAL,TREND
560,2024-05-29 04:10:00,SHORT,2357.67,2359.841428571429,2354.4128571428573,OPEN,0,NEUTRAL,TREND
559,2024-05-29 04:15:00,N/A,N/A,N/A,N/A,WIN,11.39,UNKNOWN,TREND
561,2024-05-29 04:15:00,SHORT,2357.37,2359.597142857143,2354.0292857142854,OPEN,0,NEUTRAL,TREND
560,2024-05-29 04:20:00,N/A,N/A,N/A,N/A,WIN,9.72,UNKNOWN,TREND
561,2024-05-29 04:20:00,N/A,N/A,N/A,N/A,LOSS,-23.78,UNKNOWN,TREND
562,2024-05-29 04:20:00,SHORT,2358.12,2360.5285714285715,2354.5071428571428,OPEN,0,NEUTRAL,TREND
562,2024-05-29 04:30:00,N/A,N/A,N/A,N/A,LOSS,-0.59,UNKNOWN,SIDEWAY
564,2024-05-29 04:30:00,SHORT,2358.15,2360.727142857143,2354.284285714286,OPEN,0,NEUTRAL,TREND
566,2024-05-29 04:40:00,SHORT,2356.28,2359.114285714286,2352.0285714285715,OPEN,0,NEUTRAL,TREND
564,2024-05-29 04:45:00,N/A,N/A,N/A,N/A,WIN,34.03,UNKNOWN,TREND
566,2024-05-29 05:05:00,N/A,N/A,N/A,N/A,LOSS,-24.9,UNKNOWN,TREND
606,2024-05-29 08:00:00,LONG,2358.09,2356.252857142857,2360.8457142857146,OPEN,0,NEUTRAL,TREND
606,2024-05-29 08:05:00,N/A,N/A,N/A,N/A,LOSS,-5.89,UNKNOWN,TREND
623,2024-05-29 09:25:00,SHORT,2353.63,2357.617142857143,2347.6492857142857,OPEN,0,NEUTRAL,TREND
624,2024-05-29 09:30:00,SHORT,2353.3,2357.2742857142857,2347.338571428572,OPEN,0,NEUTRAL,TREND
623,2024-05-29 09:35:00,N/A,N/A,N/A,N/A,WIN,3.89,UNKNOWN,TREND
624,2024-05-29 09:45:00,N/A,N/A,N/A,N/A,LOSS,-31.68,UNKNOWN,TREND
627,2024-05-29 09:45:00,SHORT,2355.09,2359.1800000000003,2348.955,OPEN,0,NEUTRAL,TREND
627,2024-05-29 09:50:00,N/A,N/A,N/A,N/A,WIN,0.8,UNKNOWN,TREND
628,2024-05-29 09:50:00,SHORT,2354.95,2358.7871428571425,2349.1942857142853,OPEN,0,NEUTRAL,TREND
628,2024-05-29 09:55:00,N/A,N/A,N/A,N/A,LOSS,-5.37,UNKNOWN,TREND
629,2024-05-29 09:55:00,SHORT,2355.83,2359.4885714285715,2350.342142857143,OPEN,0,NEUTRAL,TREND
629,2024-05-29 10:00:00,N/A,N/A,N/A,N/A,WIN,3.65,UNKNOWN,TREND
630,2024-05-29 10:00:00,SHORT,2355.26,2358.7314285714288,2350.052857142857,OPEN,0,NEUTRAL,TREND
631,2024-05-29 10:05:00,SHORT,2354.8,2358.2957142857144,2349.5564285714286,OPEN,0,NEUTRAL,TREND
630,2024-05-29 10:10:00,N/A,N/A,N/A,N/A,WIN,3.08,UNKNOWN,TREND
632,2024-05-29 10:10:00,SHORT,2354.39,2357.7242857142855,2349.388571428571,OPEN,0,NEUTRAL,TREND
631,2024-05-29 10:15:00,N/A,N/A,N/A,N/A,WIN,4.14,UNKNOWN,TREND
632,2024-05-29 10:15:00,N/A,N/A,N/A,N/A,LOSS,-13.86,UNKNOWN,TREND
633,2024-05-29 10:15:00,SHORT,2355.71,2358.9700000000003,2350.8199999999997,OPEN,0,NEUTRAL,TREND
634,2024-05-29 10:20:00,SHORT,2354.3,2357.4957142857147,2349.506428571429,OPEN,0,NEUTRAL,TREND
633,2024-05-29 10:25:00,N/A,N/A,N/A,N/A,WIN,10.15,UNKNOWN,TREND
635,2024-05-29 10:25:00,SHORT,2353.23,2356.554285714286,2348.243571428571,OPEN,0,NEUTRAL,TREND
634,2024-05-29 10:30:00,N/A,N/A,N/A,N/A,WIN,11.66,UNKNOWN,TREND
636,2024-05-29 10:30:00,SHORT,2352.99,2356.154285714286,2348.243571428571,OPEN,0,NEUTRAL,TREND
635,2024-05-29 10:35:00,N/A,N/A,N/A,N/A,WIN,2.52,UNKNOWN,TREND
637,2024-05-29 10:35:00,SHORT,2352.06,2355.171428571429,2347.392857142857,OPEN,0,NEUTRAL,TREND
636,2024-05-29 10:40:00,N/A,N/A,N/A,N/A,WIN,20.65,UNKNOWN,TREND
645,2024-05-29 11:15:00,SHORT,2350.18,2353.4757142857143,2345.2364285714284,OPEN,0,NEUTRAL,TREND
637,2024-05-29 11:20:00,N/A,N/A,N/A,N/A,WIN,42.68,UNKNOWN,TREND
646,2024-05-29 11:20:00,SHORT,2348.81,2352.3157142857144,2343.5514285714285,OPEN,0,NEUTRAL,TREND
645,2024-05-29 11:25:00,N/A,N/A,N/A,N/A,WIN,29.45,UNKNOWN,TREND
647,2024-05-29 11:25:00,SHORT,2347.77,2351.2257142857143,2342.5864285714283,OPEN,0,NEUTRAL,TREND
646,2024-05-29 11:30:00,N/A,N/A,N/A,N/A,WIN,21.22,UNKNOWN,TREND
649,2024-05-29 11:35:00,SHORT,2346.91,2350.382857142857,2341.7007142857137,OPEN,0,NEUTRAL,TREND
647,2024-05-29 11:40:00,N/A,N/A,N/A,N/A,WIN,17.8,UNKNOWN,TREND
650,2024-05-29 11:40:00,SHORT,2346.51,2349.971428571429,2341.317857142857,OPEN,0,NEUTRAL,TREND
649,2024-05-29 11:45:00,N/A,N/A,N/A,N/A,WIN,8.28,UNKNOWN,TREND
652,2024-05-29 11:50:00,SHORT,2345.76,2349.375714285715,2340.3364285714283,OPEN,0,NEUTRAL,TREND
650,2024-05-29 11:55:00,N/A,N/A,N/A,N/A,WIN,15.6,UNKNOWN,TREND
653,2024-05-29 11:55:00,SHORT,2345.53,2349.187142857143,2340.0442857142857,OPEN,0,NEUTRAL,TREND
652,2024-05-29 12:00:00,N/A,N/A,N/A,N/A,WIN,4.62,UNKNOWN,TREND
654,2024-05-29 12:00:00,SHORT,2344.08,2347.8342857142857,2338.448571428571,OPEN,0,NEUTRAL,TREND
653,2024-05-29 12:05:00,N/A,N/A,N/A,N/A,WIN,28.71,UNKNOWN,TREND
655,2024-05-29 12:05:00,SHORT,2343.14,2346.9100000000003,2337.4849999999997,OPEN,0,NEUTRAL,TREND
654,2024-05-29 12:10:00,N/A,N/A,N/A,N/A,WIN,18.24,UNKNOWN,TREND
656,2024-05-29 12:10:00,SHORT,2342.58,2346.46,2336.7599999999998,OPEN,0,NEUTRAL,TREND
655,2024-05-29 12:15:00,N/A,N/A,N/A,N/A,WIN,10.86,UNKNOWN,TREND
660,2024-05-29 12:30:00,SHORT,2342.08,2345.802857142857,2336.495714285714,OPEN,0,NEUTRAL,TREND
656,2024-05-29 12:35:00,N/A,N/A,N/A,N/A,WIN,18.9,UNKNOWN,TREND
660,2024-05-29 12:40:00,N/A,N/A,N/A,N/A,LOSS,-88.31,UNKNOWN,TREND
662,2024-05-29 12:40:00,SHORT,2344.31,2348.0471428571427,2338.7042857142856,OPEN,0,NEUTRAL,TREND
662,2024-05-29 12:45:00,N/A,N/A,N/A,N/A,LOSS,-9.93,UNKNOWN,TREND
663,2024-05-29 12:45:00,SHORT,2345.08,2348.7014285714286,2339.647857142857,OPEN,0,NEUTRAL,TREND
663,2024-05-29 12:50:00,N/A,N/A,N/A,N/A,LOSS,-6.38,UNKNOWN,TREND
664,2024-05-29 12:50:00,SHORT,2345.56,2349.1657142857143,2340.1514285714284,OPEN,0,NEUTRAL,TREND
664,2024-05-29 12:55:00,N/A,N/A,N/A,N/A,LOSS,-2.81,UNKNOWN,TREND
665,2024-05-29 12:55:00,SHORT,2345.77,2349.2014285714286,2340.622857142857,OPEN,0,NEUTRAL,TREND
666,2024-05-29 13:00:00,SHORT,2344.3,2347.654285714286,2339.2685714285717,OPEN,0,NEUTRAL,TREND
665,2024-05-29 13:05:00,N/A,N/A,N/A,N/A,WIN,20.58,UNKNOWN,TREND
666,2024-05-29 13:15:00,N/A,N/A,N/A,N/A,LOSS,-30.02,UNKNOWN,TREND
669,2024-05-29 13:15:00,SHORT,2345.69,2348.977142857143,2340.759285714286,OPEN,0,NEUTRAL,TREND
669,2024-05-29 13:20:00,N/A,N/A,N/A,N/A,WIN,2.04,UNKNOWN,SIDEWAY
670,2024-05-29 13:20:00,SHORT,2345.55,2348.571428571429,2341.0178571428573,OPEN,0,NEUTRAL,TREND
670,2024-05-29 13:25:00,N/A,N/A,N/A,N/A,WIN,9.06,UNKNOWN,TREND
671,2024-05-29 13:25:00,SHORT,2344.98,2347.9985714285713,2340.452142857143,OPEN,0,NEUTRAL,TREND
672,2024-05-29 13:30:00,SHORT,2344.28,2347.2728571428574,2339.7907142857143,OPEN,0,NEUTRAL,TREND
671,2024-05-29 13:35:00,N/A,N/A,N/A,N/A,WIN,11.2,UNKNOWN,SIDEWAY
672,2024-05-29 13:35:00,N/A,N/A,N/A,N/A,LOSS,-19.84,UNKNOWN,SIDEWAY
673,2024-05-29 13:35:00,SHORT,2345.1,2348.092857142857,2340.610714285714,OPEN,0,NEUTRAL,TREND
673,2024-05-29 13:40:00,N/A,N/A,N/A,N/A,LOSS,-17.39,UNKNOWN,TREND
691,2024-05-29 15:05:00,SHORT,2340.72,2344.198571428571,2335.5021428571426,OPEN,0,NEUTRAL,TREND
691,2024-05-29 15:30:00,N/A,N/A,N/A,N/A,LOSS,-33.67,UNKNOWN,TREND
696,2024-05-29 15:30:00,SHORT,2343.16,2346.9357142857143,2337.496428571428,OPEN,0,NEUTRAL,TREND
696,2024-05-29 15:35:00,N/A,N/A,N/A,N/A,LOSS,-0.38,UNKNOWN,TREND
697,2024-05-29 15:35:00,SHORT,2343.19,2347.06,2337.3849999999998,OPEN,0,NEUTRAL,TREND
697,2024-05-29 15:40:00,N/A,N/A,N/A,N/A,WIN,9.22,UNKNOWN,TREND
698,2024-05-29 15:40:00,SHORT,2342.44,2346.2814285714285,2336.677857142857,OPEN,0,NEUTRAL,TREND
699,2024-05-29 15:45:00,SHORT,2341.63,2345.5442857142857,2335.7585714285715,OPEN,0,NEUTRAL,TREND
698,2024-05-29 15:50:00,N/A,N/A,N/A,N/A,WIN,10.04,UNKNOWN,TREND
699,2024-05-29 15:50:00,SHORT,2341.63,2345.5442857142857,2335.7585714285715,WIN,31.71,NEUTRAL,TREND
700,2024-05-29 15:50:00,SHORT,2336.27,2340.9742857142855,2329.2135714285714,OPEN,0,NEUTRAL,TREND
699,2024-05-29 15:55:00,N/A,N/A,N/A,N/A,WIN,69.14,UNKNOWN,TREND
700,2024-05-29 16:05:00,N/A,N/A,N/A,N/A,LOSS,-71.98,UNKNOWN,TREND
703,2024-05-29 16:05:00,SHORT,2342.97,2348.2599999999998,2335.035,OPEN,0,NEUTRAL,TREND
703,2024-05-29 16:10:00,N/A,N/A,N/A,N/A,WIN,5.64,UNKNOWN,TREND
704,2024-05-29 16:10:00,SHORT,2342.35,2347.85,2334.1,OPEN,0,NEUTRAL,TREND
704,2024-05-29 16:15:00,N/A,N/A,N/A,N/A,LOSS,-10.61,UNKNOWN,TREND
705,2024-05-29 16:15:00,SHORT,2343.57,2349.21,2335.11,OPEN,0,NEUTRAL,TREND
705,2024-05-29 16:20:00,N/A,N/A,N/A,N/A,LOSS,-13.17,UNKNOWN,TREND
733,2024-05-29 18:35:00,SHORT,2338.89,2343.285714285714,2332.2964285714284,OPEN,0,NEUTRAL,TREND
733,2024-05-29 18:45:00,N/A,N/A,N/A,N/A,LOSS,-21.04,UNKNOWN,TREND
735,2024-05-29 18:45:00,SHORT,2340.82,2345.144285714286,2334.3335714285713,OPEN,0,NEUTRAL,TREND
735,2024-05-29 18:50:00,N/A,N/A,N/A,N/A,LOSS,-0.55,UNKNOWN,TREND
736,2024-05-29 18:50:00,SHORT,2340.87,2344.882857142857,2334.8507142857143,OPEN,0,NEUTRAL,TREND
737,2024-05-29 18:55:00,SHORT,2339.24,2343.1142857142854,2333.428571428571,OPEN,0,NEUTRAL,TREND
736,2024-05-29 19:00:00,N/A,N/A,N/A,N/A,WIN,19.4,UNKNOWN,TREND
740,2024-05-29 19:10:00,SHORT,2337.02,2340.7614285714285,2331.407857142857,OPEN,0,NEUTRAL,TREND
737,2024-05-29 19:15:00,N/A,N/A,N/A,N/A,WIN,40.85,UNKNOWN,TREND
740,2024-05-29 19:35:00,N/A,N/A,N/A,N/A,LOSS,-59.14,UNKNOWN,TREND
745,2024-05-29 19:35:00,SHORT,2340.1,2343.6714285714284,2334.7428571428572,OPEN,0,NEUTRAL,TREND
745,2024-05-29 19:40:00,N/A,N/A,N/A,N/A,WIN,4.26,UNKNOWN,TREND
746,2024-05-29 19:40:00,SHORT,2339.78,2343.0128571428572,2334.9307142857147,OPEN,0,NEUTRAL,TREND
746,2024-05-29 19:45:00,N/A,N/A,N/A,N/A,LOSS,-3.4,UNKNOWN,SIDEWAY
747,2024-05-29 19:45:00,SHORT,2340.01,2342.9842857142858,2335.548571428572,OPEN,0,NEUTRAL,TREND
747,2024-05-29 19:50:00,N/A,N/A,N/A,N/A,LOSS,-7.36,UNKNOWN,SIDEWAY
748,2024-05-29 19:50:00,SHORT,2340.47,2343.3785714285714,2336.1071428571427,OPEN,0,NEUTRAL,TREND
748,2024-05-29 19:55:00,N/A,N/A,N/A,N/A,LOSS,-24.44,UNKNOWN,TREND
749,2024-05-29 19:55:00,SHORT,2341.96,2344.8514285714286,2337.6228571428574,OPEN,0,NEUTRAL,TREND
749,2024-05-29 20:00:00,N/A,N/A,N/A,N/A,WIN,10.82,UNKNOWN,SIDEWAY
761,2024-05-29 20:55:00,LONG,2343.71,2341.1657142857143,2347.5264285714284,OPEN,0,NEUTRAL,TREND
761,2024-05-29 21:15:00,N/A,N/A,N/A,N/A,LOSS,-35.53,UNKNOWN,TREND
765,2024-05-29 21:15:00,LONG,2341.81,2339.477142857143,2345.3092857142856,OPEN,0,NEUTRAL,TREND
765,2024-05-29 21:20:00,N/A,N/A,N/A,N/A,WIN,4.85,UNKNOWN,TREND
766,2024-05-29 21:20:00,LONG,2342.05,2339.8228571428576,2345.3907142857142,OPEN,0,NEUTRAL,TREND
766,2024-05-29 21:25:00,N/A,N/A,N/A,N/A,LOSS,-5.72,UNKNOWN,TREND
767,2024-05-29 21:25:00,LONG,2341.78,2339.7485714285717,2344.827142857143,OPEN,0,NEUTRAL,TREND
767,2024-05-29 21:30:00,N/A,N/A,N/A,N/A,LOSS,-14.38,UNKNOWN,SIDEWAY
768,2024-05-29 21:30:00,LONG,2341.16,2339.2042857142856,2344.093571428571,OPEN,0,NEUTRAL,TREND
768,2024-05-29 21:35:00,N/A,N/A,N/A,N/A,LOSS,-21.84,UNKNOWN,TREND
769,2024-05-29 21:35:00,LONG,2340.25,2338.3700000000003,2343.0699999999997,OPEN,0,NEUTRAL,TREND
769,2024-05-29 21:40:00,N/A,N/A,N/A,N/A,LOSS,-8.18,UNKNOWN,TREND
770,2024-05-29 21:40:00,SHORT,2339.59,2341.4685714285715,2336.772142857143,OPEN,0,NEUTRAL,TREND
771,2024-05-29 21:45:00,SHORT,2339.38,2341.2814285714285,2336.5278571428576,OPEN,0,NEUTRAL,TREND
770,2024-05-29 21:50:00,N/A,N/A,N/A,N/A,WIN,2.6,UNKNOWN,TREND
772,2024-05-29 21:50:00,SHORT,2338.67,2340.6514285714284,2335.6978571428576,OPEN,0,NEUTRAL,TREND
771,2024-05-29 21:55:00,N/A,N/A,N/A,N/A,WIN,13.06,UNKNOWN,TREND
773,2024-05-29 21:55:00,SHORT,2338.24,2340.22,2335.27,OPEN,0,NEUTRAL,TREND
772,2024-05-29 22:00:00,N/A,N/A,N/A,N/A,WIN,7.61,UNKNOWN,TREND
774,2024-05-29 22:00:00,SHORT,2337.9,2339.824285714286,2335.0135714285716,OPEN,0,NEUTRAL,TREND
773,2024-05-29 22:05:00,N/A,N/A,N/A,N/A,WIN,12.04,UNKNOWN,TREND
780,2024-05-29 22:30:00,SHORT,2336.98,2338.8885714285716,2334.117142857143,OPEN,0,NEUTRAL,TREND
774,2024-05-29 22:35:00,N/A,N/A,N/A,N/A,WIN,33.67,UNKNOWN,TREND
785,2024-05-29 22:55:00,SHORT,2336.69,2338.6614285714286,2333.732857142857,OPEN,0,NEUTRAL,TREND
780,2024-05-29 23:00:00,N/A,N/A,N/A,N/A,WIN,10.7,UNKNOWN,TREND
785,2024-05-29 23:00:00,N/A,N/A,N/A,N/A,LOSS,-55.8,UNKNOWN,TREND
786,2024-05-29 23:00:00,SHORT,2338.24,2340.352857142857,2335.070714285714,OPEN,0,NEUTRAL,TREND
787,2024-05-29 23:05:00,SHORT,2337.73,2339.83,2334.58,OPEN,0,NEUTRAL,TREND
786,2024-05-29 23:10:00,N/A,N/A,N/A,N/A,WIN,11.32,UNKNOWN,TREND
789,2024-05-29 23:15:00,SHORT,2336.86,2339.0257142857145,2333.6114285714284,OPEN,0,NEUTRAL,TREND
787,2024-05-29 23:20:00,N/A,N/A,N/A,N/A,WIN,29.06,UNKNOWN,TREND
789,2024-05-29 23:30:00,N/A,N/A,N/A,N/A,LOSS,-20.8,UNKNOWN,TREND
792,2024-05-29 23:30:00,SHORT,2337.5,2339.6514285714284,2334.272857142857,OPEN,0,NEUTRAL,TREND
792,2024-05-29 23:35:00,N/A,N/A,N/A,N/A,LOSS,-0.88,UNKNOWN,SIDEWAY
793,2024-05-29 23:35:00,SHORT,2337.54,2339.54,2334.54,OPEN,0,NEUTRAL,TREND
794,2024-05-29 23:40:00,SHORT,2337.34,2339.424285714286,2334.2135714285714,OPEN,0,NEUTRAL,TREND
793,2024-05-29 23:45:00,N/A,N/A,N/A,N/A,WIN,4.7,UNKNOWN,TREND
794,2024-05-29 23:50:00,N/A,N/A,N/A,N/A,LOSS,-23.73,UNKNOWN,SIDEWAY
828,2024-05-30 03:30:00,SHORT,2336.91,2338.8971428571426,2333.9292857142855,OPEN,0,NEUTRAL,TREND
829,2024-05-30 03:35:00,SHORT,2335.17,2337.4885714285715,2331.692142857143,OPEN,0,NEUTRAL,TREND
828,2024-05-30 03:40:00,N/A,N/A,N/A,N/A,WIN,41.06,UNKNOWN,TREND
829,2024-05-30 03:50:00,N/A,N/A,N/A,N/A,LOSS,-43.93,UNKNOWN,TREND
832,2024-05-30 03:50:00,SHORT,2336.62,2339.1099999999997,2332.8849999999998,OPEN,0,NEUTRAL,TREND
832,2024-05-30 03:55:00,N/A,N/A,N/A,N/A,LOSS,-6.39,UNKNOWN,TREND
833,2024-05-30 03:55:00,SHORT,2336.96,2339.5257142857145,2333.111428571429,OPEN,0,NEUTRAL,TREND
834,2024-05-30 04:00:00,SHORT,2335.95,2338.7114285714283,2331.807857142857,OPEN,0,NEUTRAL,TREND
833,2024-05-30 04:05:00,N/A,N/A,N/A,N/A,WIN,9.19,UNKNOWN,TREND
834,2024-05-30 04:10:00,N/A,N/A,N/A,N/A,LOSS,-35.07,UNKNOWN,SIDEWAY
836,2024-05-30 04:10:00,SHORT,2339.09,2342.0685714285714,2334.622142857143,OPEN,0,NEUTRAL,TREND
836,2024-05-30 04:15:00,N/A,N/A,N/A,N/A,LOSS,-4.99,UNKNOWN,TREND
841,2024-05-30 04:35:00,SHORT,2335.28,2338.632857142857,2330.2507142857144,OPEN,0,NEUTRAL,TREND
841,2024-05-30 05:05:00,N/A,N/A,N/A,N/A,LOSS,-7.45,UNKNOWN,SIDEWAY
853,2024-05-30 05:35:00,SHORT,2331.88,2335.5800000000004,2326.33,OPEN,0,NEUTRAL,TREND
854,2024-05-30 05:40:00,SHORT,2329.64,2333.7757142857145,2323.436428571428,OPEN,0,NEUTRAL,TREND
853,2024-05-30 05:45:00,N/A,N/A,N/A,N/A,WIN,14.11,UNKNOWN,TREND
855,2024-05-30 05:45:00,SHORT,2329.27,2333.3157142857144,2323.201428571428,OPEN,0,NEUTRAL,TREND
854,2024-05-30 05:50:00,N/A,N/A,N/A,N/A,WIN,3.11,UNKNOWN,TREND
855,2024-05-30 06:15:00,N/A,N/A,N/A,N/A,LOSS,-27.93,UNKNOWN,TREND
861,2024-05-30 06:15:00,SHORT,2332.48,2336.2742857142857,2326.7885714285712,OPEN,0,NEUTRAL,TREND
861,2024-05-30 06:20:00,N/A,N/A,N/A,N/A,WIN,2.81,UNKNOWN,TREND
862,2024-05-30 06:20:00,SHORT,2332.02,2335.8928571428573,2326.210714285714,OPEN,0,NEUTRAL,TREND
862,2024-05-30 06:25:00,N/A,N/A,N/A,N/A,LOSS,-3.18,UNKNOWN,TREND
863,2024-05-30 06:25:00,SHORT,2332.55,2336.301428571429,2326.922857142857,OPEN,0,NEUTRAL,TREND
863,2024-05-30 06:30:00,N/A,N/A,N/A,N/A,LOSS,-2.17,UNKNOWN,TREND
864,2024-05-30 06:30:00,SHORT,2332.9,2336.651428571429,2327.272857142857,OPEN,0,NEUTRAL,TREND
864,2024-05-30 06:35:00,N/A,N/A,N/A,N/A,LOSS,-7.87,UNKNOWN,SIDEWAY
865,2024-05-30 06:35:00,SHORT,2334.17,2338.0985714285716,2328.2771428571427,OPEN,0,NEUTRAL,TREND
865,2024-05-30 06:40:00,N/A,N/A,N/A,N/A,LOSS,-2.3,UNKNOWN,SIDEWAY
866,2024-05-30 06:40:00,SHORT,2334.56,2338.3014285714285,2328.947857142857,OPEN,0,NEUTRAL,TREND
866,2024-05-30 06:45:00,N/A,N/A,N/A,N/A,LOSS,-1.3,UNKNOWN,TREND
882,2024-05-30 08:00:00,LONG,2335.47,2333.41,2338.56,OPEN,0,NEUTRAL,TREND
882,2024-05-30 08:05:00,N/A,N/A,N/A,N/A,LOSS,-4.26,UNKNOWN,TREND
883,2024-05-30 08:05:00,LONG,2335.09,2333.0514285714285,2338.1478571428574,OPEN,0,NEUTRAL,TREND
884,2024-05-30 08:10:00,LONG,2335.43,2333.402857142857,2338.470714285714,OPEN,0,NEUTRAL,TREND
883,2024-05-30 08:15:00,N/A,N/A,N/A,N/A,WIN,3.84,UNKNOWN,SIDEWAY
884,2024-05-30 08:15:00,N/A,N/A,N/A,N/A,LOSS,-13.51,UNKNOWN,SIDEWAY
885,2024-05-30 08:15:00,LONG,2334.64,2332.542857142857,2337.785714285714,OPEN,0,NEUTRAL,TREND
885,2024-05-30 08:20:00,N/A,N/A,N/A,N/A,LOSS,-14.41,UNKNOWN,TREND
887,2024-05-30 08:25:00,SHORT,2332.18,2334.4285714285716,2328.8071428571425,OPEN,0,NEUTRAL,TREND
887,2024-05-30 08:30:00,SHORT,2332.18,2334.4285714285716,2328.8071428571425,WIN,10.12,NEUTRAL,TREND
888,2024-05-30 08:30:00,SHORT,2327.74,2330.8385714285714,2323.0921428571423,OPEN,0,NEUTRAL,TREND
887,2024-05-30 08:35:00,N/A,N/A,N/A,N/A,WIN,31.97,UNKNOWN,TREND
889,2024-05-30 08:35:00,SHORT,2327.19,2330.4700000000003,2322.27,OPEN,0,NEUTRAL,TREND
888,2024-05-30 08:40:00,N/A,N/A,N/A,N/A,WIN,6.1,UNKNOWN,TREND
891,2024-05-30 08:45:00,SHORT,2324.14,2328.0857142857144,2318.221428571428,OPEN,0,NEUTRAL,TREND
889,2024-05-30 08:50:00,N/A,N/A,N/A,N/A,WIN,32.33,UNKNOWN,TREND
892,2024-05-30 08:50:00,SHORT,2323.25,2327.301428571429,2317.172857142857,OPEN,0,NEUTRAL,TREND
891,2024-05-30 08:55:00,N/A,N/A,N/A,N/A,WIN,7.92,UNKNOWN,TREND
892,2024-05-30 09:10:00,N/A,N/A,N/A,N/A,LOSS,-35.25,UNKNOWN,TREND
896,2024-05-30 09:10:00,SHORT,2326.49,2331.037142857143,2319.6692857142853,OPEN,0,NEUTRAL,TREND
897,2024-05-30 09:15:00,SHORT,2325.86,2330.61,2318.7349999999997,OPEN,0,NEUTRAL,TREND
896,2024-05-30 09:20:00,N/A,N/A,N/A,N/A,WIN,3.21,UNKNOWN,TREND
897,2024-05-30 09:20:00,N/A,N/A,N/A,N/A,LOSS,-15.7,UNKNOWN,TREND
898,2024-05-30 09:20:00,SHORT,2328.01,2332.9971428571434,2320.529285714286,OPEN,0,NEUTRAL,TREND
898,2024-05-30 09:25:00,N/A,N/A,N/A,N/A,LOSS,-1.33,UNKNOWN,TREND
899,2024-05-30 09:25:00,SHORT,2328.3,2333.2500000000005,2320.875,OPEN,0,NEUTRAL,TREND
899,2024-05-30 09:30:00,N/A,N/A,N/A,N/A,LOSS,-5.12,UNKNOWN,TREND
900,2024-05-30 09:30:00,SHORT,2329.39,2334.3757142857144,2321.911428571428,OPEN,0,NEUTRAL,TREND
900,2024-05-30 09:35:00,N/A,N/A,N/A,N/A,WIN,0.46,UNKNOWN,TREND
901,2024-05-30 09:35:00,SHORT,2329.29,2334.2371428571428,2321.8692857142855,OPEN,0,NEUTRAL,TREND
901,2024-05-30 09:40:00,N/A,N/A,N/A,N/A,LOSS,-1.32,UNKNOWN,TREND
902,2024-05-30 09:40:00,SHORT,2329.57,2333.688571428572,2323.392142857143,OPEN,0,NEUTRAL,TREND
902,2024-05-30 09:45:00,N/A,N/A,N/A,N/A,LOSS,-7.17,UNKNOWN,TREND
903,2024-05-30 09:45:00,SHORT,2330.85,2334.96,2324.685,OPEN,0,NEUTRAL,TREND
903,2024-05-30 09:50:00,N/A,N/A,N/A,N/A,LOSS,-9.41,UNKNOWN,TREND
904,2024-05-30 09:50:00,SHORT,2332.53,2336.6771428571433,2326.309285714286,OPEN,0,NEUTRAL,TREND
904,2024-05-30 09:55:00,N/A,N/A,N/A,N/A,LOSS,-3.02,UNKNOWN,TREND
911,2024-05-30 10:25:00,LONG,2335.62,2331.6714285714284,2341.542857142857,OPEN,0,NEUTRAL,TREND
911,2024-05-30 10:30:00,N/A,N/A,N/A,N/A,LOSS,-9.69,UNKNOWN,TREND
912,2024-05-30 10:30:00,LONG,2333.95,2330.0771428571425,2339.7592857142854,OPEN,0,NEUTRAL,TREND
912,2024-05-30 10:35:00,N/A,N/A,N/A,N/A,LOSS,-3.36,UNKNOWN,TREND
913,2024-05-30 10:35:00,LONG,2333.38,2329.51,2339.185,OPEN,0,NEUTRAL,TREND
913,2024-05-30 10:40:00,N/A,N/A,N/A,N/A,WIN,1.77,UNKNOWN,TREND
914,2024-05-30 10:40:00,LONG,2333.68,2329.888571428571,2339.367142857143,OPEN,0,NEUTRAL,TREND
915,2024-05-30 10:45:00,LONG,2334.43,2330.6042857142857,2340.1685714285713,OPEN,0,NEUTRAL,TREND
914,2024-05-30 10:50:00,N/A,N/A,N/A,N/A,WIN,4.58,UNKNOWN,TREND
918,2024-05-30 11:00:00,LONG,2334.91,2331.2485714285713,2340.4021428571427,OPEN,0,NEUTRAL,TREND
915,2024-05-30 11:05:00,N/A,N/A,N/A,N/A,WIN,4.32,UNKNOWN,TREND
918,2024-05-30 11:05:00,N/A,N/A,N/A,N/A,LOSS,-7.03,UNKNOWN,TREND
919,2024-05-30 11:05:00,LONG,2334.17,2330.444285714286,2339.7585714285715,OPEN,0,NEUTRAL,TREND
919,2024-05-30 11:10:00,N/A,N/A,N/A,N/A,LOSS,-8.68,UNKNOWN,TREND
920,2024-05-30 11:10:00,LONG,2332.77,2329.2842857142855,2337.9985714285713,OPEN,0,NEUTRAL,TREND
920,2024-05-30 11:15:00,N/A,N/A,N/A,N/A,WIN,7.59,UNKNOWN,TREND
921,2024-05-30 11:15:00,LONG,2333.92,2330.4185714285713,2339.1721428571427,OPEN,0,NEUTRAL,TREND
922,2024-05-30 11:20:00,LONG,2334.41,2331.0871428571427,2339.3942857142856,OPEN,0,NEUTRAL,TREND
921,2024-05-30 11:25:00,N/A,N/A,N/A,N/A,WIN,3.23,UNKNOWN,TREND
924,2024-05-30 11:30:00,LONG,2334.69,2331.6885714285713,2339.1921428571427,OPEN,0,NEUTRAL,TREND
922,2024-05-30 11:35:00,N/A,N/A,N/A,N/A,WIN,2.88,UNKNOWN,SIDEWAY
924,2024-05-30 11:35:00,N/A,N/A,N/A,N/A,LOSS,-11.37,UNKNOWN,SIDEWAY
925,2024-05-30 11:35:00,LONG,2333.71,2330.592857142857,2338.385714285714,OPEN,0,NEUTRAL,TREND
925,2024-05-30 11:40:00,N/A,N/A,N/A,N/A,LOSS,-4.14,UNKNOWN,TREND
926,2024-05-30 11:40:00,LONG,2333.15,2330.1000000000004,2337.725,OPEN,0,NEUTRAL,TREND
927,2024-05-30 11:45:00,LONG,2334.49,2331.2999999999997,2339.2749999999996,OPEN,0,NEUTRAL,TREND
926,2024-05-30 11:50:00,N/A,N/A,N/A,N/A,WIN,10.05,UNKNOWN,TREND
929,2024-05-30 11:55:00,LONG,2335.11,2331.858571428572,2339.9871428571428,OPEN,0,NEUTRAL,TREND
927,2024-05-30 12:00:00,N/A,N/A,N/A,N/A,WIN,6.7,UNKNOWN,SIDEWAY
929,2024-05-30 12:30:00,N/A,N/A,N/A,N/A,LOSS,-5.72,UNKNOWN,SIDEWAY
953,2024-05-30 13:55:00,LONG,2340.71,2337.494285714286,2345.533571428571,OPEN,0,NEUTRAL,TREND
953,2024-05-30 14:20:00,N/A,N/A,N/A,N/A,LOSS,-22.83,UNKNOWN,TREND
958,2024-05-30 14:20:00,LONG,2337.69,2334.1985714285715,2342.927142857143,OPEN,0,NEUTRAL,TREND
961,2024-05-30 14:35:00,LONG,2338.67,2335.1057142857144,2344.0164285714286,OPEN,0,NEUTRAL,TREND
958,2024-05-30 14:40:00,N/A,N/A,N/A,N/A,WIN,6.37,UNKNOWN,TREND
961,2024-05-30 14:45:00,N/A,N/A,N/A,N/A,LOSS,-18.14,UNKNOWN,TREND
963,2024-05-30 14:45:00,LONG,2336.78,2333.1400000000003,2342.2400000000002,OPEN,0,NEUTRAL,TREND
963,2024-05-30 14:50:00,N/A,N/A,N/A,N/A,LOSS,-3.02,UNKNOWN,TREND
964,2024-05-30 14:50:00,LONG,2336.3,2332.5414285714287,2341.9378571428574,OPEN,0,NEUTRAL,TREND
964,2024-05-30 14:55:00,N/A,N/A,N/A,N/A,LOSS,-2.62,UNKNOWN,TREND
965,2024-05-30 14:55:00,LONG,2335.87,2332.1714285714284,2341.417857142857,OPEN,0,NEUTRAL,TREND
965,2024-05-30 15:00:00,N/A,N/A,N/A,N/A,LOSS,-1.98,UNKNOWN,TREND
966,2024-05-30 15:00:00,LONG,2335.55,2331.802857142857,2341.1707142857144,OPEN,0,NEUTRAL,TREND
966,2024-05-30 15:05:00,N/A,N/A,N/A,N/A,WIN,2.44,UNKNOWN,TREND
967,2024-05-30 15:05:00,LONG,2335.95,2332.598571428571,2340.977142857143,OPEN,0,NEUTRAL,TREND
967,2024-05-30 15:10:00,N/A,N/A,N/A,N/A,LOSS,-22.79,UNKNOWN,TREND
970,2024-05-30 15:20:00,LONG,2339.43,2335.157142857143,2345.839285714286,OPEN,0,NEUTRAL,TREND
970,2024-05-30 15:25:00,N/A,N/A,N/A,N/A,LOSS,-16.06,UNKNOWN,SIDEWAY
